"","age","pop","gp","year","country","seed","share"
"1",0,2834,0,1990,"VietNam","124000",0
"2",1,2777,0,1990,"VietNam","124000",0
"3",2,2668,0,1990,"VietNam","124000",0
"4",3,2486,0,1990,"VietNam","124000",0
"5",4,2473,0,1990,"VietNam","124000",0
"6",5,2635,0,1990,"VietNam","124000",0
"7",6,2616,0,1990,"VietNam","124000",0
"8",7,2543,0,1990,"VietNam","124000",0
"9",8,2454,0,1990,"VietNam","124000",0
"10",9,2415,0,1990,"VietNam","124000",0
"11",10,2744,0,1990,"VietNam","124000",0
"12",11,2644,0,1990,"VietNam","124000",0
"13",12,2464,0,1990,"VietNam","124000",0
"14",13,2524,0,1990,"VietNam","124000",0
"15",14,2347,0,1990,"VietNam","124000",0
"16",15,2671,0,1990,"VietNam","124000",0
"17",16,2528,0,1990,"VietNam","124000",0
"18",17,2515,0,1990,"VietNam","124000",0
"19",18,2414,0,1990,"VietNam","124000",0
"20",19,2412,0,1990,"VietNam","124000",0
"21",20,2343,0,1990,"VietNam","124000",0
"22",21,2262,0,1990,"VietNam","124000",0
"23",22,2234,0,1990,"VietNam","124000",0
"24",23,2165,0,1990,"VietNam","124000",0
"25",24,2080,0,1990,"VietNam","124000",0
"26",25,2030,0,1990,"VietNam","124000",0
"27",26,1955,0,1990,"VietNam","124000",0
"28",27,1989,1,1990,"VietNam","124000",0.000502765208647562
"29",28,1836,1,1990,"VietNam","124000",0.000544662309368192
"30",29,1800,2,1990,"VietNam","124000",0.00111111111111111
"31",30,1714,1,1990,"VietNam","124000",0.00058343057176196
"32",31,1637,3,1990,"VietNam","124000",0.00183262064752596
"33",32,1571,8,1990,"VietNam","124000",0.00509229789942712
"34",33,1512,4,1990,"VietNam","124000",0.00264550264550265
"35",34,1575,13,1990,"VietNam","124000",0.00825396825396825
"36",35,1284,15,1990,"VietNam","124000",0.0116822429906542
"37",36,1235,32,1990,"VietNam","124000",0.0259109311740891
"38",37,1171,29,1990,"VietNam","124000",0.0247651579846285
"39",38,1125,72,1990,"VietNam","124000",0.064
"40",39,1120,84,1990,"VietNam","124000",0.075
"41",40,1304,129,1990,"VietNam","124000",0.0989263803680982
"42",41,1232,168,1990,"VietNam","124000",0.136363636363636
"43",42,1168,239,1990,"VietNam","124000",0.204623287671233
"44",43,1138,270,1990,"VietNam","124000",0.23725834797891
"45",44,1200,340,1990,"VietNam","124000",0.283333333333333
"46",45,1203,368,1990,"VietNam","124000",0.305901911886949
"47",46,1108,396,1990,"VietNam","124000",0.357400722021661
"48",47,1035,447,1990,"VietNam","124000",0.431884057971014
"49",48,1005,486,1990,"VietNam","124000",0.483582089552239
"50",49,989,584,1990,"VietNam","124000",0.590495449949444
"51",50,960,601,1990,"VietNam","124000",0.626041666666667
"52",51,975,624,1990,"VietNam","124000",0.64
"53",52,910,623,1990,"VietNam","124000",0.684615384615385
"54",53,888,673,1990,"VietNam","124000",0.757882882882883
"55",54,852,643,1990,"VietNam","124000",0.754694835680751
"56",55,867,653,1990,"VietNam","124000",0.753171856978085
"57",56,794,625,1990,"VietNam","124000",0.787153652392947
"58",57,784,621,1990,"VietNam","124000",0.792091836734694
"59",58,789,654,1990,"VietNam","124000",0.828897338403042
"60",59,693,559,1990,"VietNam","124000",0.806637806637807
"61",60,696,593,1990,"VietNam","124000",0.852011494252874
"62",61,661,556,1990,"VietNam","124000",0.841149773071104
"63",62,618,517,1990,"VietNam","124000",0.836569579288026
"64",63,658,557,1990,"VietNam","124000",0.846504559270517
"65",64,576,510,1990,"VietNam","124000",0.885416666666667
"66",65,571,499,1990,"VietNam","124000",0.873905429071804
"67",66,525,470,1990,"VietNam","124000",0.895238095238095
"68",67,489,435,1990,"VietNam","124000",0.889570552147239
"69",68,500,451,1990,"VietNam","124000",0.902
"70",69,514,445,1990,"VietNam","124000",0.865758754863813
"71",70,415,367,1990,"VietNam","124000",0.88433734939759
"72",71,416,376,1990,"VietNam","124000",0.903846153846154
"73",72,364,333,1990,"VietNam","124000",0.914835164835165
"74",73,360,322,1990,"VietNam","124000",0.894444444444444
"75",74,331,298,1990,"VietNam","124000",0.900302114803625
"76",75,297,270,1990,"VietNam","124000",0.909090909090909
"77",76,283,260,1990,"VietNam","124000",0.918727915194346
"78",77,245,228,1990,"VietNam","124000",0.930612244897959
"79",78,223,205,1990,"VietNam","124000",0.919282511210762
"80",79,215,200,1990,"VietNam","124000",0.930232558139535
"81",80,193,177,1990,"VietNam","124000",0.917098445595855
"82",81,143,130,1990,"VietNam","124000",0.909090909090909
"83",82,146,136,1990,"VietNam","124000",0.931506849315068
"84",83,128,115,1990,"VietNam","124000",0.8984375
"85",84,106,100,1990,"VietNam","124000",0.943396226415094
"86",85,77,70,1990,"VietNam","124000",0.909090909090909
"87",86,77,70,1990,"VietNam","124000",0.909090909090909
"88",87,66,62,1990,"VietNam","124000",0.939393939393939
"89",88,32,31,1990,"VietNam","124000",0.96875
"90",89,45,41,1990,"VietNam","124000",0.911111111111111
"91",90,35,32,1990,"VietNam","124000",0.914285714285714
"92",91,23,22,1990,"VietNam","124000",0.956521739130435
"93",92,17,15,1990,"VietNam","124000",0.882352941176471
"94",93,14,12,1990,"VietNam","124000",0.857142857142857
"95",94,8,6,1990,"VietNam","124000",0.75
"96",95,8,7,1990,"VietNam","124000",0.875
"97",96,12,9,1990,"VietNam","124000",0.75
"98",97,1,1,1990,"VietNam","124000",1
"99",98,5,5,1990,"VietNam","124000",1
"100",0,2954,0,1995,"VietNam","124000",0
"101",1,2756,0,1995,"VietNam","124000",0
"102",2,2674,0,1995,"VietNam","124000",0
"103",3,2583,0,1995,"VietNam","124000",0
"104",4,2492,0,1995,"VietNam","124000",0
"105",5,2752,0,1995,"VietNam","124000",0
"106",6,2732,0,1995,"VietNam","124000",0
"107",7,2635,0,1995,"VietNam","124000",0
"108",8,2461,0,1995,"VietNam","124000",0
"109",9,2453,0,1995,"VietNam","124000",0
"110",10,2615,0,1995,"VietNam","124000",0
"111",11,2602,0,1995,"VietNam","124000",0
"112",12,2532,0,1995,"VietNam","124000",0
"113",13,2438,0,1995,"VietNam","124000",0
"114",14,2403,0,1995,"VietNam","124000",0
"115",15,2724,0,1995,"VietNam","124000",0
"116",16,2625,0,1995,"VietNam","124000",0
"117",17,2451,0,1995,"VietNam","124000",0
"118",18,2505,0,1995,"VietNam","124000",0
"119",19,2332,0,1995,"VietNam","124000",0
"120",20,2646,0,1995,"VietNam","124000",0
"121",21,2509,0,1995,"VietNam","124000",0
"122",22,2496,0,1995,"VietNam","124000",0
"123",23,2403,0,1995,"VietNam","124000",0
"124",24,2397,0,1995,"VietNam","124000",0
"125",25,2333,0,1995,"VietNam","124000",0
"126",26,2248,0,1995,"VietNam","124000",0
"127",27,2221,0,1995,"VietNam","124000",0
"128",28,2148,0,1995,"VietNam","124000",0
"129",29,2059,1,1995,"VietNam","124000",0.000485672656629432
"130",30,2017,3,1995,"VietNam","124000",0.0014873574615766
"131",31,1935,4,1995,"VietNam","124000",0.0020671834625323
"132",32,1963,6,1995,"VietNam","124000",0.00305654610290372
"133",33,1817,6,1995,"VietNam","124000",0.00330214639515685
"134",34,1778,18,1995,"VietNam","124000",0.0101237345331834
"135",35,1706,25,1995,"VietNam","124000",0.0146541617819461
"136",36,1618,44,1995,"VietNam","124000",0.0271940667490729
"137",37,1552,74,1995,"VietNam","124000",0.047680412371134
"138",38,1502,92,1995,"VietNam","124000",0.0612516644474035
"139",39,1561,159,1995,"VietNam","124000",0.101857783472133
"140",40,1266,148,1995,"VietNam","124000",0.116903633491311
"141",41,1214,181,1995,"VietNam","124000",0.149093904448105
"142",42,1152,232,1995,"VietNam","124000",0.201388888888889
"143",43,1113,301,1995,"VietNam","124000",0.270440251572327
"144",44,1107,339,1995,"VietNam","124000",0.306233062330623
"145",45,1281,427,1995,"VietNam","124000",0.333333333333333
"146",46,1205,455,1995,"VietNam","124000",0.377593360995851
"147",47,1142,561,1995,"VietNam","124000",0.491243432574431
"148",48,1115,552,1995,"VietNam","124000",0.495067264573991
"149",49,1171,642,1995,"VietNam","124000",0.548249359521776
"150",50,1173,664,1995,"VietNam","124000",0.566069906223359
"151",51,1078,684,1995,"VietNam","124000",0.634508348794063
"152",52,1005,680,1995,"VietNam","124000",0.676616915422886
"153",53,980,700,1995,"VietNam","124000",0.714285714285714
"154",54,960,752,1995,"VietNam","124000",0.783333333333333
"155",55,925,750,1995,"VietNam","124000",0.810810810810811
"156",56,943,768,1995,"VietNam","124000",0.814422057264051
"157",57,875,717,1995,"VietNam","124000",0.819428571428571
"158",58,848,735,1995,"VietNam","124000",0.866745283018868
"159",59,818,695,1995,"VietNam","124000",0.849633251833741
"160",60,824,699,1995,"VietNam","124000",0.848300970873786
"161",61,756,658,1995,"VietNam","124000",0.87037037037037
"162",62,737,636,1995,"VietNam","124000",0.862957937584803
"163",63,745,662,1995,"VietNam","124000",0.888590604026846
"164",64,657,572,1995,"VietNam","124000",0.87062404870624
"165",65,646,572,1995,"VietNam","124000",0.885448916408669
"166",66,607,535,1995,"VietNam","124000",0.881383855024712
"167",67,563,493,1995,"VietNam","124000",0.875666074600355
"168",68,597,520,1995,"VietNam","124000",0.871021775544389
"169",69,498,454,1995,"VietNam","124000",0.911646586345382
"170",70,508,458,1995,"VietNam","124000",0.901574803149606
"171",71,448,411,1995,"VietNam","124000",0.917410714285714
"172",72,417,376,1995,"VietNam","124000",0.90167865707434
"173",73,414,376,1995,"VietNam","124000",0.908212560386473
"174",74,438,381,1995,"VietNam","124000",0.86986301369863
"175",75,343,307,1995,"VietNam","124000",0.895043731778426
"176",76,330,299,1995,"VietNam","124000",0.906060606060606
"177",77,290,271,1995,"VietNam","124000",0.93448275862069
"178",78,287,256,1995,"VietNam","124000",0.89198606271777
"179",79,255,228,1995,"VietNam","124000",0.894117647058824
"180",80,225,205,1995,"VietNam","124000",0.911111111111111
"181",81,210,194,1995,"VietNam","124000",0.923809523809524
"182",82,174,161,1995,"VietNam","124000",0.925287356321839
"183",83,154,145,1995,"VietNam","124000",0.941558441558442
"184",84,141,131,1995,"VietNam","124000",0.929078014184397
"185",85,128,120,1995,"VietNam","124000",0.9375
"186",86,92,82,1995,"VietNam","124000",0.891304347826087
"187",87,85,79,1995,"VietNam","124000",0.929411764705882
"188",88,73,67,1995,"VietNam","124000",0.917808219178082
"189",89,55,54,1995,"VietNam","124000",0.981818181818182
"190",90,42,37,1995,"VietNam","124000",0.880952380952381
"191",91,41,37,1995,"VietNam","124000",0.902439024390244
"192",92,36,34,1995,"VietNam","124000",0.944444444444444
"193",93,16,15,1995,"VietNam","124000",0.9375
"194",94,21,19,1995,"VietNam","124000",0.904761904761905
"195",95,11,9,1995,"VietNam","124000",0.818181818181818
"196",96,7,7,1995,"VietNam","124000",1
"197",97,8,8,1995,"VietNam","124000",1
"198",98,6,5,1995,"VietNam","124000",0.833333333333333
"199",0,2369,0,2000,"VietNam","124000",0
"200",1,2234,0,2000,"VietNam","124000",0
"201",2,2189,0,2000,"VietNam","124000",0
"202",3,2149,0,2000,"VietNam","124000",0
"203",4,2151,0,2000,"VietNam","124000",0
"204",5,2876,0,2000,"VietNam","124000",0
"205",6,2733,0,2000,"VietNam","124000",0
"206",7,2652,0,2000,"VietNam","124000",0
"207",8,2560,0,2000,"VietNam","124000",0
"208",9,2475,0,2000,"VietNam","124000",0
"209",10,2739,0,2000,"VietNam","124000",0
"210",11,2717,0,2000,"VietNam","124000",0
"211",12,2625,0,2000,"VietNam","124000",0
"212",13,2450,0,2000,"VietNam","124000",0
"213",14,2442,0,2000,"VietNam","124000",0
"214",15,2603,0,2000,"VietNam","124000",0
"215",16,2595,0,2000,"VietNam","124000",0
"216",17,2514,0,2000,"VietNam","124000",0
"217",18,2426,0,2000,"VietNam","124000",0
"218",19,2387,0,2000,"VietNam","124000",0
"219",20,2706,0,2000,"VietNam","124000",0
"220",21,2605,0,2000,"VietNam","124000",0
"221",22,2434,0,2000,"VietNam","124000",0
"222",23,2488,0,2000,"VietNam","124000",0
"223",24,2321,0,2000,"VietNam","124000",0
"224",25,2631,0,2000,"VietNam","124000",0
"225",26,2495,1,2000,"VietNam","124000",0.000400801603206413
"226",27,2487,0,2000,"VietNam","124000",0
"227",28,2390,0,2000,"VietNam","124000",0
"228",29,2374,3,2000,"VietNam","124000",0.0012636899747262
"229",30,2314,0,2000,"VietNam","124000",0
"230",31,2226,4,2000,"VietNam","124000",0.00179694519317161
"231",32,2206,5,2000,"VietNam","124000",0.00226654578422484
"232",33,2130,15,2000,"VietNam","124000",0.00704225352112676
"233",34,2039,14,2000,"VietNam","124000",0.0068661108386464
"234",35,1999,34,2000,"VietNam","124000",0.0170085042521261
"235",36,1914,44,2000,"VietNam","124000",0.0229885057471264
"236",37,1947,56,2000,"VietNam","124000",0.0287621982537237
"237",38,1802,91,2000,"VietNam","124000",0.0504994450610433
"238",39,1760,121,2000,"VietNam","124000",0.06875
"239",40,1687,170,2000,"VietNam","124000",0.10077059869591
"240",41,1597,222,2000,"VietNam","124000",0.139010644959299
"241",42,1531,285,2000,"VietNam","124000",0.186152841280209
"242",43,1475,336,2000,"VietNam","124000",0.227796610169492
"243",44,1534,440,2000,"VietNam","124000",0.286831812255541
"244",45,1245,404,2000,"VietNam","124000",0.324497991967871
"245",46,1193,448,2000,"VietNam","124000",0.375523889354568
"246",47,1131,514,2000,"VietNam","124000",0.45446507515473
"247",48,1091,547,2000,"VietNam","124000",0.501374885426214
"248",49,1081,579,2000,"VietNam","124000",0.535615171137835
"249",50,1260,719,2000,"VietNam","124000",0.570634920634921
"250",51,1176,697,2000,"VietNam","124000",0.592687074829932
"251",52,1117,741,2000,"VietNam","124000",0.663384064458371
"252",53,1080,727,2000,"VietNam","124000",0.673148148148148
"253",54,1142,817,2000,"VietNam","124000",0.715411558669002
"254",55,1131,815,2000,"VietNam","124000",0.720601237842617
"255",56,1042,797,2000,"VietNam","124000",0.764875239923225
"256",57,959,749,2000,"VietNam","124000",0.781021897810219
"257",58,949,776,2000,"VietNam","124000",0.817702845100105
"258",59,909,776,2000,"VietNam","124000",0.853685368536854
"259",60,877,767,2000,"VietNam","124000",0.874572405929304
"260",61,898,777,2000,"VietNam","124000",0.865256124721604
"261",62,833,721,2000,"VietNam","124000",0.865546218487395
"262",63,801,714,2000,"VietNam","124000",0.891385767790262
"263",64,775,677,2000,"VietNam","124000",0.873548387096774
"264",65,762,674,2000,"VietNam","124000",0.884514435695538
"265",66,702,621,2000,"VietNam","124000",0.884615384615385
"266",67,664,590,2000,"VietNam","124000",0.88855421686747
"267",68,666,608,2000,"VietNam","124000",0.912912912912913
"268",69,596,527,2000,"VietNam","124000",0.884228187919463
"269",70,563,506,2000,"VietNam","124000",0.898756660746004
"270",71,523,466,2000,"VietNam","124000",0.891013384321224
"271",72,501,443,2000,"VietNam","124000",0.884231536926148
"272",73,529,466,2000,"VietNam","124000",0.880907372400756
"273",74,425,386,2000,"VietNam","124000",0.908235294117647
"274",75,434,392,2000,"VietNam","124000",0.903225806451613
"275",76,367,336,2000,"VietNam","124000",0.915531335149864
"276",77,346,312,2000,"VietNam","124000",0.901734104046243
"277",78,325,297,2000,"VietNam","124000",0.913846153846154
"278",79,337,291,2000,"VietNam","124000",0.863501483679525
"279",80,252,225,2000,"VietNam","124000",0.892857142857143
"280",81,228,209,2000,"VietNam","124000",0.916666666666667
"281",82,210,197,2000,"VietNam","124000",0.938095238095238
"282",83,192,168,2000,"VietNam","124000",0.875
"283",84,172,155,2000,"VietNam","124000",0.901162790697674
"284",85,147,131,2000,"VietNam","124000",0.891156462585034
"285",86,137,127,2000,"VietNam","124000",0.927007299270073
"286",87,106,100,2000,"VietNam","124000",0.943396226415094
"287",88,93,88,2000,"VietNam","124000",0.946236559139785
"288",89,85,78,2000,"VietNam","124000",0.917647058823529
"289",90,66,60,2000,"VietNam","124000",0.909090909090909
"290",91,41,36,2000,"VietNam","124000",0.878048780487805
"291",92,33,31,2000,"VietNam","124000",0.939393939393939
"292",93,32,29,2000,"VietNam","124000",0.90625
"293",94,19,19,2000,"VietNam","124000",1
"294",95,10,9,2000,"VietNam","124000",0.9
"295",96,17,15,2000,"VietNam","124000",0.882352941176471
"296",97,10,10,2000,"VietNam","124000",1
"297",98,5,5,2000,"VietNam","124000",1
"298",0,2023,0,2005,"VietNam","124000",0
"299",1,2045,0,2005,"VietNam","124000",0
"300",2,1960,0,2005,"VietNam","124000",0
"301",3,2044,0,2005,"VietNam","124000",0
"302",4,1915,0,2005,"VietNam","124000",0
"303",5,2325,0,2005,"VietNam","124000",0
"304",6,2219,0,2005,"VietNam","124000",0
"305",7,2167,0,2005,"VietNam","124000",0
"306",8,2137,0,2005,"VietNam","124000",0
"307",9,2143,0,2005,"VietNam","124000",0
"308",10,2864,0,2005,"VietNam","124000",0
"309",11,2723,0,2005,"VietNam","124000",0
"310",12,2648,0,2005,"VietNam","124000",0
"311",13,2554,0,2005,"VietNam","124000",0
"312",14,2466,0,2005,"VietNam","124000",0
"313",15,2731,0,2005,"VietNam","124000",0
"314",16,2701,0,2005,"VietNam","124000",0
"315",17,2617,0,2005,"VietNam","124000",0
"316",18,2434,0,2005,"VietNam","124000",0
"317",19,2430,0,2005,"VietNam","124000",0
"318",20,2592,0,2005,"VietNam","124000",0
"319",21,2584,0,2005,"VietNam","124000",0
"320",22,2496,0,2005,"VietNam","124000",0
"321",23,2408,0,2005,"VietNam","124000",0
"322",24,2370,0,2005,"VietNam","124000",0
"323",25,2685,0,2005,"VietNam","124000",0
"324",26,2589,0,2005,"VietNam","124000",0
"325",27,2418,2,2005,"VietNam","124000",0.000827129859387924
"326",28,2476,0,2005,"VietNam","124000",0
"327",29,2304,2,2005,"VietNam","124000",0.000868055555555556
"328",30,2613,1,2005,"VietNam","124000",0.000382701875239189
"329",31,2467,6,2005,"VietNam","124000",0.00243210376976084
"330",32,2465,6,2005,"VietNam","124000",0.00243407707910751
"331",33,2374,13,2005,"VietNam","124000",0.0054759898904802
"332",34,2360,27,2005,"VietNam","124000",0.0114406779661017
"333",35,2293,36,2005,"VietNam","124000",0.01569995638901
"334",36,2198,44,2005,"VietNam","124000",0.0200181983621474
"335",37,2179,62,2005,"VietNam","124000",0.0284534189995411
"336",38,2102,117,2005,"VietNam","124000",0.0556612749762131
"337",39,2016,164,2005,"VietNam","124000",0.0813492063492064
"338",40,1981,200,2005,"VietNam","124000",0.100959111559818
"339",41,1897,244,2005,"VietNam","124000",0.128624143384291
"340",42,1911,295,2005,"VietNam","124000",0.154369440083726
"341",43,1772,345,2005,"VietNam","124000",0.194695259593679
"342",44,1732,409,2005,"VietNam","124000",0.236143187066975
"343",45,1656,480,2005,"VietNam","124000",0.289855072463768
"344",46,1575,570,2005,"VietNam","124000",0.361904761904762
"345",47,1505,586,2005,"VietNam","124000",0.38936877076412
"346",48,1437,646,2005,"VietNam","124000",0.449547668754349
"347",49,1502,740,2005,"VietNam","124000",0.492676431424767
"348",50,1215,660,2005,"VietNam","124000",0.54320987654321
"349",51,1150,670,2005,"VietNam","124000",0.582608695652174
"350",52,1101,721,2005,"VietNam","124000",0.654859218891916
"351",53,1073,723,2005,"VietNam","124000",0.67381174277726
"352",54,1044,727,2005,"VietNam","124000",0.696360153256705
"353",55,1218,856,2005,"VietNam","124000",0.702791461412151
"354",56,1140,813,2005,"VietNam","124000",0.713157894736842
"355",57,1073,819,2005,"VietNam","124000",0.763280521901212
"356",58,1034,790,2005,"VietNam","124000",0.764023210831721
"357",59,1086,862,2005,"VietNam","124000",0.793738489871087
"358",60,1070,849,2005,"VietNam","124000",0.793457943925234
"359",61,992,814,2005,"VietNam","124000",0.820564516129032
"360",62,922,763,2005,"VietNam","124000",0.827548806941432
"361",63,887,762,2005,"VietNam","124000",0.859075535512965
"362",64,858,766,2005,"VietNam","124000",0.892773892773893
"363",65,814,730,2005,"VietNam","124000",0.896805896805897
"364",66,826,739,2005,"VietNam","124000",0.894673123486683
"365",67,764,685,2005,"VietNam","124000",0.896596858638743
"366",68,742,677,2005,"VietNam","124000",0.912398921832884
"367",69,689,614,2005,"VietNam","124000",0.891146589259797
"368",70,666,599,2005,"VietNam","124000",0.899399399399399
"369",71,614,549,2005,"VietNam","124000",0.89413680781759
"370",72,579,520,2005,"VietNam","124000",0.898100172711572
"371",73,567,522,2005,"VietNam","124000",0.920634920634921
"372",74,503,447,2005,"VietNam","124000",0.888667992047714
"373",75,466,421,2005,"VietNam","124000",0.90343347639485
"374",76,439,390,2005,"VietNam","124000",0.888382687927107
"375",77,399,355,2005,"VietNam","124000",0.889724310776942
"376",78,409,365,2005,"VietNam","124000",0.89242053789731
"377",79,335,301,2005,"VietNam","124000",0.898507462686567
"378",80,325,287,2005,"VietNam","124000",0.883076923076923
"379",81,261,237,2005,"VietNam","124000",0.908045977011494
"380",82,254,229,2005,"VietNam","124000",0.901574803149606
"381",83,240,216,2005,"VietNam","124000",0.9
"382",84,235,205,2005,"VietNam","124000",0.872340425531915
"383",85,181,161,2005,"VietNam","124000",0.889502762430939
"384",86,155,142,2005,"VietNam","124000",0.916129032258065
"385",87,131,122,2005,"VietNam","124000",0.931297709923664
"386",88,126,107,2005,"VietNam","124000",0.849206349206349
"387",89,94,80,2005,"VietNam","124000",0.851063829787234
"388",90,81,71,2005,"VietNam","124000",0.876543209876543
"389",91,58,55,2005,"VietNam","124000",0.948275862068966
"390",92,56,53,2005,"VietNam","124000",0.946428571428571
"391",93,32,31,2005,"VietNam","124000",0.96875
"392",94,41,38,2005,"VietNam","124000",0.926829268292683
"393",95,29,26,2005,"VietNam","124000",0.896551724137931
"394",96,11,10,2005,"VietNam","124000",0.909090909090909
"395",97,8,7,2005,"VietNam","124000",0.875
"396",98,13,11,2005,"VietNam","124000",0.846153846153846
"397",0,2079,0,2010,"VietNam","124000",0
"398",1,2080,0,2010,"VietNam","124000",0
"399",2,2115,0,2010,"VietNam","124000",0
"400",3,2128,0,2010,"VietNam","124000",0
"401",4,2064,0,2010,"VietNam","124000",0
"402",5,2000,0,2010,"VietNam","124000",0
"403",6,2028,0,2010,"VietNam","124000",0
"404",7,1955,0,2010,"VietNam","124000",0
"405",8,2032,0,2010,"VietNam","124000",0
"406",9,1909,0,2010,"VietNam","124000",0
"407",10,2316,0,2010,"VietNam","124000",0
"408",11,2212,0,2010,"VietNam","124000",0
"409",12,2161,0,2010,"VietNam","124000",0
"410",13,2133,0,2010,"VietNam","124000",0
"411",14,2135,0,2010,"VietNam","124000",0
"412",15,2852,0,2010,"VietNam","124000",0
"413",16,2715,0,2010,"VietNam","124000",0
"414",17,2638,0,2010,"VietNam","124000",0
"415",18,2543,0,2010,"VietNam","124000",0
"416",19,2458,0,2010,"VietNam","124000",0
"417",20,2722,0,2010,"VietNam","124000",0
"418",21,2683,0,2010,"VietNam","124000",0
"419",22,2601,0,2010,"VietNam","124000",0
"420",23,2422,0,2010,"VietNam","124000",0
"421",24,2411,0,2010,"VietNam","124000",0
"422",25,2583,0,2010,"VietNam","124000",0
"423",26,2569,0,2010,"VietNam","124000",0
"424",27,2482,0,2010,"VietNam","124000",0
"425",28,2383,3,2010,"VietNam","124000",0.00125891733109526
"426",29,2354,1,2010,"VietNam","124000",0.000424808836023789
"427",30,2667,3,2010,"VietNam","124000",0.00112485939257593
"428",31,2568,4,2010,"VietNam","124000",0.00155763239875389
"429",32,2403,11,2010,"VietNam","124000",0.00457761131918435
"430",33,2452,18,2010,"VietNam","124000",0.00734094616639478
"431",34,2286,21,2010,"VietNam","124000",0.00918635170603675
"432",35,2589,40,2010,"VietNam","124000",0.0154499806875241
"433",36,2437,76,2010,"VietNam","124000",0.0311858842839557
"434",37,2445,89,2010,"VietNam","124000",0.03640081799591
"435",38,2345,135,2010,"VietNam","124000",0.0575692963752665
"436",39,2342,194,2010,"VietNam","124000",0.0828351836037575
"437",40,2270,233,2010,"VietNam","124000",0.102643171806167
"438",41,2181,273,2010,"VietNam","124000",0.125171939477304
"439",42,2153,381,2010,"VietNam","124000",0.176962378077102
"440",43,2079,440,2010,"VietNam","124000",0.211640211640212
"441",44,1996,500,2010,"VietNam","124000",0.250501002004008
"442",45,1957,566,2010,"VietNam","124000",0.28921819110884
"443",46,1863,614,2010,"VietNam","124000",0.329575952764359
"444",47,1875,672,2010,"VietNam","124000",0.3584
"445",48,1740,729,2010,"VietNam","124000",0.418965517241379
"446",49,1702,762,2010,"VietNam","124000",0.447708578143361
"447",50,1621,828,2010,"VietNam","124000",0.510795805058606
"448",51,1540,858,2010,"VietNam","124000",0.557142857142857
"449",52,1460,855,2010,"VietNam","124000",0.585616438356164
"450",53,1395,880,2010,"VietNam","124000",0.630824372759857
"451",54,1471,947,2010,"VietNam","124000",0.643779741672332
"452",55,1179,814,2010,"VietNam","124000",0.690415606446141
"453",56,1108,796,2010,"VietNam","124000",0.71841155234657
"454",57,1060,813,2010,"VietNam","124000",0.766981132075472
"455",58,1031,782,2010,"VietNam","124000",0.758486905916586
"456",59,1001,774,2010,"VietNam","124000",0.773226773226773
"457",60,1165,903,2010,"VietNam","124000",0.775107296137339
"458",61,1089,841,2010,"VietNam","124000",0.772268135904499
"459",62,1015,820,2010,"VietNam","124000",0.807881773399015
"460",63,978,791,2010,"VietNam","124000",0.80879345603272
"461",64,1028,855,2010,"VietNam","124000",0.831712062256809
"462",65,998,832,2010,"VietNam","124000",0.833667334669339
"463",66,915,775,2010,"VietNam","124000",0.846994535519126
"464",67,829,718,2010,"VietNam","124000",0.866103739445115
"465",68,804,714,2010,"VietNam","124000",0.888059701492537
"466",69,780,698,2010,"VietNam","124000",0.894871794871795
"467",70,733,663,2010,"VietNam","124000",0.90450204638472
"468",71,735,668,2010,"VietNam","124000",0.908843537414966
"469",72,664,597,2010,"VietNam","124000",0.899096385542169
"470",73,645,590,2010,"VietNam","124000",0.914728682170543
"471",74,586,521,2010,"VietNam","124000",0.889078498293515
"472",75,561,507,2010,"VietNam","124000",0.903743315508021
"473",76,515,462,2010,"VietNam","124000",0.897087378640777
"474",77,475,427,2010,"VietNam","124000",0.898947368421053
"475",78,462,424,2010,"VietNam","124000",0.917748917748918
"476",79,393,351,2010,"VietNam","124000",0.893129770992366
"477",80,365,332,2010,"VietNam","124000",0.90958904109589
"478",81,335,300,2010,"VietNam","124000",0.895522388059702
"479",82,303,274,2010,"VietNam","124000",0.904290429042904
"480",83,294,263,2010,"VietNam","124000",0.894557823129252
"481",84,238,210,2010,"VietNam","124000",0.882352941176471
"482",85,204,177,2010,"VietNam","124000",0.867647058823529
"483",86,177,159,2010,"VietNam","124000",0.898305084745763
"484",87,167,150,2010,"VietNam","124000",0.898203592814371
"485",88,145,130,2010,"VietNam","124000",0.896551724137931
"486",89,137,120,2010,"VietNam","124000",0.875912408759124
"487",90,106,92,2010,"VietNam","124000",0.867924528301887
"488",91,90,84,2010,"VietNam","124000",0.933333333333333
"489",92,60,57,2010,"VietNam","124000",0.95
"490",93,60,49,2010,"VietNam","124000",0.816666666666667
"491",94,39,29,2010,"VietNam","124000",0.743589743589744
"492",95,27,22,2010,"VietNam","124000",0.814814814814815
"493",96,21,21,2010,"VietNam","124000",1
"494",97,27,26,2010,"VietNam","124000",0.962962962962963
"495",98,15,15,2010,"VietNam","124000",1
"496",0,2177,0,2015,"VietNam","124000",0
"497",1,2047,0,2015,"VietNam","124000",0
"498",2,2167,0,2015,"VietNam","124000",0
"499",3,2150,0,2015,"VietNam","124000",0
"500",4,2056,0,2015,"VietNam","124000",0
"501",5,2055,0,2015,"VietNam","124000",0
"502",6,2065,0,2015,"VietNam","124000",0
"503",7,2108,0,2015,"VietNam","124000",0
"504",8,2121,0,2015,"VietNam","124000",0
"505",9,2059,0,2015,"VietNam","124000",0
"506",10,1989,0,2015,"VietNam","124000",0
"507",11,2024,0,2015,"VietNam","124000",0
"508",12,1948,0,2015,"VietNam","124000",0
"509",13,2026,0,2015,"VietNam","124000",0
"510",14,1903,0,2015,"VietNam","124000",0
"511",15,2311,0,2015,"VietNam","124000",0
"512",16,2209,0,2015,"VietNam","124000",0
"513",17,2157,0,2015,"VietNam","124000",0
"514",18,2124,0,2015,"VietNam","124000",0
"515",19,2123,0,2015,"VietNam","124000",0
"516",20,2836,0,2015,"VietNam","124000",0
"517",21,2700,0,2015,"VietNam","124000",0
"518",22,2625,0,2015,"VietNam","124000",0
"519",23,2528,0,2015,"VietNam","124000",0
"520",24,2449,0,2015,"VietNam","124000",0
"521",25,2700,0,2015,"VietNam","124000",0
"522",26,2666,1,2015,"VietNam","124000",0.000375093773443361
"523",27,2587,0,2015,"VietNam","124000",0
"524",28,2406,0,2015,"VietNam","124000",0
"525",29,2398,2,2015,"VietNam","124000",0.000834028356964137
"526",30,2557,5,2015,"VietNam","124000",0.00195541650371529
"527",31,2551,6,2015,"VietNam","124000",0.00235201881615053
"528",32,2466,19,2015,"VietNam","124000",0.00770478507704785
"529",33,2374,24,2015,"VietNam","124000",0.0101095197978096
"530",34,2338,32,2015,"VietNam","124000",0.0136869118905047
"531",35,2648,52,2015,"VietNam","124000",0.0196374622356495
"532",36,2552,89,2015,"VietNam","124000",0.0348746081504702
"533",37,2380,115,2015,"VietNam","124000",0.0483193277310924
"534",38,2436,157,2015,"VietNam","124000",0.0644499178981938
"535",39,2260,200,2015,"VietNam","124000",0.0884955752212389
"536",40,2557,275,2015,"VietNam","124000",0.107547907704341
"537",41,2401,355,2015,"VietNam","124000",0.147855060391504
"538",42,2416,430,2015,"VietNam","124000",0.177980132450331
"539",43,2315,473,2015,"VietNam","124000",0.204319654427646
"540",44,2313,607,2015,"VietNam","124000",0.262429744920017
"541",45,2240,666,2015,"VietNam","124000",0.297321428571429
"542",46,2146,675,2015,"VietNam","124000",0.314538676607642
"543",47,2107,805,2015,"VietNam","124000",0.382059800664452
"544",48,2043,818,2015,"VietNam","124000",0.400391581008321
"545",49,1951,888,2015,"VietNam","124000",0.455151204510507
"546",50,1919,926,2015,"VietNam","124000",0.482542991141219
"547",51,1819,956,2015,"VietNam","124000",0.525563496426608
"548",52,1824,992,2015,"VietNam","124000",0.543859649122807
"549",53,1690,983,2015,"VietNam","124000",0.581656804733728
"550",54,1642,1010,2015,"VietNam","124000",0.61510353227771
"551",55,1559,1006,2015,"VietNam","124000",0.645285439384221
"552",56,1494,1016,2015,"VietNam","124000",0.680053547523427
"553",57,1410,984,2015,"VietNam","124000",0.697872340425532
"554",58,1343,973,2015,"VietNam","124000",0.724497393894267
"555",59,1403,1020,2015,"VietNam","124000",0.727013542409123
"556",60,1133,874,2015,"VietNam","124000",0.771403353927626
"557",61,1064,836,2015,"VietNam","124000",0.785714285714286
"558",62,1014,842,2015,"VietNam","124000",0.830374753451677
"559",63,988,803,2015,"VietNam","124000",0.812753036437247
"560",64,935,762,2015,"VietNam","124000",0.814973262032086
"561",65,1093,882,2015,"VietNam","124000",0.806953339432754
"562",66,997,797,2015,"VietNam","124000",0.799398194583751
"563",67,935,780,2015,"VietNam","124000",0.834224598930481
"564",68,876,728,2015,"VietNam","124000",0.831050228310502
"565",69,922,774,2015,"VietNam","124000",0.839479392624729
"566",70,897,758,2015,"VietNam","124000",0.845039018952062
"567",71,806,685,2015,"VietNam","124000",0.849875930521092
"568",72,726,638,2015,"VietNam","124000",0.878787878787879
"569",73,700,626,2015,"VietNam","124000",0.894285714285714
"570",74,686,612,2015,"VietNam","124000",0.892128279883382
"571",75,624,568,2015,"VietNam","124000",0.91025641025641
"572",76,615,560,2015,"VietNam","124000",0.910569105691057
"573",77,555,501,2015,"VietNam","124000",0.902702702702703
"574",78,520,474,2015,"VietNam","124000",0.911538461538462
"575",79,476,427,2015,"VietNam","124000",0.897058823529412
"576",80,456,411,2015,"VietNam","124000",0.901315789473684
"577",81,371,334,2015,"VietNam","124000",0.900269541778976
"578",82,356,319,2015,"VietNam","124000",0.896067415730337
"579",83,337,309,2015,"VietNam","124000",0.916913946587537
"580",84,290,258,2015,"VietNam","124000",0.889655172413793
"581",85,253,226,2015,"VietNam","124000",0.893280632411067
"582",86,227,199,2015,"VietNam","124000",0.876651982378855
"583",87,189,168,2015,"VietNam","124000",0.888888888888889
"584",88,177,155,2015,"VietNam","124000",0.875706214689266
"585",89,132,114,2015,"VietNam","124000",0.863636363636364
"586",90,123,107,2015,"VietNam","124000",0.869918699186992
"587",91,102,91,2015,"VietNam","124000",0.892156862745098
"588",92,81,76,2015,"VietNam","124000",0.938271604938272
"589",93,75,66,2015,"VietNam","124000",0.88
"590",94,62,51,2015,"VietNam","124000",0.82258064516129
"591",95,47,39,2015,"VietNam","124000",0.829787234042553
"592",96,41,39,2015,"VietNam","124000",0.951219512195122
"593",97,20,19,2015,"VietNam","124000",0.95
"594",98,17,14,2015,"VietNam","124000",0.823529411764706
"595",0,2180,0,2020,"VietNam","124000",0
"596",1,2069,0,2020,"VietNam","124000",0
"597",2,2261,0,2020,"VietNam","124000",0
"598",3,2181,0,2020,"VietNam","124000",0
"599",4,2190,0,2020,"VietNam","124000",0
"600",5,2145,0,2020,"VietNam","124000",0
"601",6,2042,0,2020,"VietNam","124000",0
"602",7,2159,0,2020,"VietNam","124000",0
"603",8,2143,0,2020,"VietNam","124000",0
"604",9,2050,0,2020,"VietNam","124000",0
"605",10,2050,0,2020,"VietNam","124000",0
"606",11,2064,0,2020,"VietNam","124000",0
"607",12,2105,0,2020,"VietNam","124000",0
"608",13,2116,0,2020,"VietNam","124000",0
"609",14,2055,0,2020,"VietNam","124000",0
"610",15,1985,0,2020,"VietNam","124000",0
"611",16,2016,0,2020,"VietNam","124000",0
"612",17,1939,0,2020,"VietNam","124000",0
"613",18,2022,0,2020,"VietNam","124000",0
"614",19,1895,0,2020,"VietNam","124000",0
"615",20,2307,0,2020,"VietNam","124000",0
"616",21,2198,0,2020,"VietNam","124000",0
"617",22,2147,0,2020,"VietNam","124000",0
"618",23,2117,0,2020,"VietNam","124000",0
"619",24,2115,0,2020,"VietNam","124000",0
"620",25,2824,1,2020,"VietNam","124000",0.000354107648725212
"621",26,2678,0,2020,"VietNam","124000",0
"622",27,2609,1,2020,"VietNam","124000",0.000383288616328095
"623",28,2515,0,2020,"VietNam","124000",0
"624",29,2427,0,2020,"VietNam","124000",0
"625",30,2676,6,2020,"VietNam","124000",0.00224215246636771
"626",31,2652,7,2020,"VietNam","124000",0.0026395173453997
"627",32,2562,10,2020,"VietNam","124000",0.0039032006245121
"628",33,2376,12,2020,"VietNam","124000",0.00505050505050505
"629",34,2376,24,2020,"VietNam","124000",0.0101010101010101
"630",35,2528,55,2020,"VietNam","124000",0.0217563291139241
"631",36,2527,61,2020,"VietNam","124000",0.0241392956074397
"632",37,2448,101,2020,"VietNam","124000",0.0412581699346405
"633",38,2350,130,2020,"VietNam","124000",0.0553191489361702
"634",39,2315,147,2020,"VietNam","124000",0.0634989200863931
"635",40,2616,233,2020,"VietNam","124000",0.0890672782874618
"636",41,2522,307,2020,"VietNam","124000",0.12172878667724
"637",42,2360,385,2020,"VietNam","124000",0.163135593220339
"638",43,2405,483,2020,"VietNam","124000",0.200831600831601
"639",44,2232,499,2020,"VietNam","124000",0.223566308243728
"640",45,2519,659,2020,"VietNam","124000",0.26161175069472
"641",46,2369,739,2020,"VietNam","124000",0.311945968763191
"642",47,2368,825,2020,"VietNam","124000",0.34839527027027
"643",48,2271,870,2020,"VietNam","124000",0.383091149273448
"644",49,2250,972,2020,"VietNam","124000",0.432
"645",50,2190,1042,2020,"VietNam","124000",0.475799086757991
"646",51,2096,996,2020,"VietNam","124000",0.475190839694656
"647",52,2061,1107,2020,"VietNam","124000",0.537117903930131
"648",53,1995,1107,2020,"VietNam","124000",0.554887218045113
"649",54,1898,1109,2020,"VietNam","124000",0.584299262381454
"650",55,1874,1150,2020,"VietNam","124000",0.613660618996798
"651",56,1747,1080,2020,"VietNam","124000",0.618202633085289
"652",57,1760,1114,2020,"VietNam","124000",0.632954545454545
"653",58,1620,1092,2020,"VietNam","124000",0.674074074074074
"654",59,1576,1096,2020,"VietNam","124000",0.695431472081218
"655",60,1484,1066,2020,"VietNam","124000",0.71832884097035
"656",61,1419,1036,2020,"VietNam","124000",0.730091613812544
"657",62,1343,998,2020,"VietNam","124000",0.743112434847357
"658",63,1276,995,2020,"VietNam","124000",0.779780564263323
"659",64,1320,1025,2020,"VietNam","124000",0.776515151515151
"660",65,1051,848,2020,"VietNam","124000",0.806850618458611
"661",66,992,809,2020,"VietNam","124000",0.815524193548387
"662",67,940,803,2020,"VietNam","124000",0.854255319148936
"663",68,898,750,2020,"VietNam","124000",0.835189309576837
"664",69,841,704,2020,"VietNam","124000",0.837098692033294
"665",70,978,815,2020,"VietNam","124000",0.833333333333333
"666",71,873,709,2020,"VietNam","124000",0.812142038946163
"667",72,826,702,2020,"VietNam","124000",0.849878934624697
"668",73,751,630,2020,"VietNam","124000",0.838881491344874
"669",74,781,660,2020,"VietNam","124000",0.845070422535211
"670",75,749,635,2020,"VietNam","124000",0.847797062750334
"671",76,691,589,2020,"VietNam","124000",0.852387843704776
"672",77,587,519,2020,"VietNam","124000",0.884156729131175
"673",78,577,519,2020,"VietNam","124000",0.89948006932409
"674",79,557,493,2020,"VietNam","124000",0.885098743267504
"675",80,487,438,2020,"VietNam","124000",0.899383983572895
"676",81,469,429,2020,"VietNam","124000",0.914712153518124
"677",82,399,361,2020,"VietNam","124000",0.904761904761905
"678",83,362,328,2020,"VietNam","124000",0.906077348066298
"679",84,341,307,2020,"VietNam","124000",0.900293255131965
"680",85,316,285,2020,"VietNam","124000",0.901898734177215
"681",86,225,203,2020,"VietNam","124000",0.902222222222222
"682",87,228,200,2020,"VietNam","124000",0.87719298245614
"683",88,211,189,2020,"VietNam","124000",0.895734597156398
"684",89,183,161,2020,"VietNam","124000",0.879781420765027
"685",90,142,123,2020,"VietNam","124000",0.866197183098592
"686",91,128,112,2020,"VietNam","124000",0.875
"687",92,100,90,2020,"VietNam","124000",0.9
"688",93,96,81,2020,"VietNam","124000",0.84375
"689",94,62,56,2020,"VietNam","124000",0.903225806451613
"690",95,63,53,2020,"VietNam","124000",0.841269841269841
"691",96,42,37,2020,"VietNam","124000",0.880952380952381
"692",97,26,24,2020,"VietNam","124000",0.923076923076923
"693",98,28,25,2020,"VietNam","124000",0.892857142857143
"694",0,2017,0,2025,"VietNam","124000",0
"695",1,2050,0,2025,"VietNam","124000",0
"696",2,2078,0,2025,"VietNam","124000",0
"697",3,2092,0,2025,"VietNam","124000",0
"698",4,2183,0,2025,"VietNam","124000",0
"699",5,2155,0,2025,"VietNam","124000",0
"700",6,2058,0,2025,"VietNam","124000",0
"701",7,2249,0,2025,"VietNam","124000",0
"702",8,2174,0,2025,"VietNam","124000",0
"703",9,2181,0,2025,"VietNam","124000",0
"704",10,2140,0,2025,"VietNam","124000",0
"705",11,2033,0,2025,"VietNam","124000",0
"706",12,2152,0,2025,"VietNam","124000",0
"707",13,2134,0,2025,"VietNam","124000",0
"708",14,2047,0,2025,"VietNam","124000",0
"709",15,2046,0,2025,"VietNam","124000",0
"710",16,2057,0,2025,"VietNam","124000",0
"711",17,2097,0,2025,"VietNam","124000",0
"712",18,2108,0,2025,"VietNam","124000",0
"713",19,2041,0,2025,"VietNam","124000",0
"714",20,1978,0,2025,"VietNam","124000",0
"715",21,2012,0,2025,"VietNam","124000",0
"716",22,1932,0,2025,"VietNam","124000",0
"717",23,2010,0,2025,"VietNam","124000",0
"718",24,1891,0,2025,"VietNam","124000",0
"719",25,2288,0,2025,"VietNam","124000",0
"720",26,2192,0,2025,"VietNam","124000",0
"721",27,2134,0,2025,"VietNam","124000",0
"722",28,2116,0,2025,"VietNam","124000",0
"723",29,2100,3,2025,"VietNam","124000",0.00142857142857143
"724",30,2802,5,2025,"VietNam","124000",0.00178443968593862
"725",31,2661,6,2025,"VietNam","124000",0.00225479143179256
"726",32,2592,8,2025,"VietNam","124000",0.00308641975308642
"727",33,2500,9,2025,"VietNam","124000",0.0036
"728",34,2407,18,2025,"VietNam","124000",0.00747818861653511
"729",35,2660,39,2025,"VietNam","124000",0.0146616541353383
"730",36,2631,50,2025,"VietNam","124000",0.0190041809198024
"731",37,2537,72,2025,"VietNam","124000",0.0283799763500197
"732",38,2353,90,2025,"VietNam","124000",0.0382490437739057
"733",39,2352,120,2025,"VietNam","124000",0.0510204081632653
"734",40,2498,218,2025,"VietNam","124000",0.0872698158526821
"735",41,2499,267,2025,"VietNam","124000",0.106842737094838
"736",42,2426,307,2025,"VietNam","124000",0.126545754328112
"737",43,2318,374,2025,"VietNam","124000",0.161345987920621
"738",44,2277,424,2025,"VietNam","124000",0.18620992534036
"739",45,2592,581,2025,"VietNam","124000",0.224151234567901
"740",46,2489,658,2025,"VietNam","124000",0.264363198071515
"741",47,2332,714,2025,"VietNam","124000",0.306174957118353
"742",48,2355,817,2025,"VietNam","124000",0.34692144373673
"743",49,2191,828,2025,"VietNam","124000",0.377909630305796
"744",50,2474,989,2025,"VietNam","124000",0.399757477768795
"745",51,2310,1033,2025,"VietNam","124000",0.447186147186147
"746",52,2304,1102,2025,"VietNam","124000",0.478298611111111
"747",53,2201,1129,2025,"VietNam","124000",0.512948659700136
"748",54,2194,1194,2025,"VietNam","124000",0.544211485870556
"749",55,2124,1240,2025,"VietNam","124000",0.583804143126177
"750",56,2030,1157,2025,"VietNam","124000",0.569950738916256
"751",57,1994,1243,2025,"VietNam","124000",0.623370110330993
"752",58,1919,1215,2025,"VietNam","124000",0.633142261594581
"753",59,1809,1186,2025,"VietNam","124000",0.655610834715312
"754",60,1779,1203,2025,"VietNam","124000",0.676222596964587
"755",61,1660,1138,2025,"VietNam","124000",0.685542168674699
"756",62,1669,1135,2025,"VietNam","124000",0.680047932893948
"757",63,1539,1097,2025,"VietNam","124000",0.712800519818064
"758",64,1489,1096,2025,"VietNam","124000",0.736064472800537
"759",65,1363,1029,2025,"VietNam","124000",0.754952311078503
"760",66,1312,1006,2025,"VietNam","124000",0.766768292682927
"761",67,1249,957,2025,"VietNam","124000",0.766212970376301
"762",68,1157,928,2025,"VietNam","124000",0.802074330164218
"763",69,1209,970,2025,"VietNam","124000",0.802315963606286
"764",70,930,768,2025,"VietNam","124000",0.825806451612903
"765",71,871,715,2025,"VietNam","124000",0.82089552238806
"766",72,815,701,2025,"VietNam","124000",0.860122699386503
"767",73,770,647,2025,"VietNam","124000",0.84025974025974
"768",74,736,623,2025,"VietNam","124000",0.846467391304348
"769",75,841,704,2025,"VietNam","124000",0.837098692033294
"770",76,717,583,2025,"VietNam","124000",0.813110181311018
"771",77,672,567,2025,"VietNam","124000",0.84375
"772",78,610,517,2025,"VietNam","124000",0.847540983606557
"773",79,619,518,2025,"VietNam","124000",0.836833602584814
"774",80,595,510,2025,"VietNam","124000",0.857142857142857
"775",81,525,447,2025,"VietNam","124000",0.851428571428571
"776",82,458,412,2025,"VietNam","124000",0.899563318777293
"777",83,437,391,2025,"VietNam","124000",0.894736842105263
"778",84,387,341,2025,"VietNam","124000",0.881136950904393
"779",85,339,305,2025,"VietNam","124000",0.899705014749263
"780",86,306,278,2025,"VietNam","124000",0.908496732026144
"781",87,261,232,2025,"VietNam","124000",0.888888888888889
"782",88,211,191,2025,"VietNam","124000",0.90521327014218
"783",89,198,178,2025,"VietNam","124000",0.898989898989899
"784",90,187,173,2025,"VietNam","124000",0.925133689839572
"785",91,135,123,2025,"VietNam","124000",0.911111111111111
"786",92,129,112,2025,"VietNam","124000",0.868217054263566
"787",93,93,86,2025,"VietNam","124000",0.924731182795699
"788",94,96,83,2025,"VietNam","124000",0.864583333333333
"789",95,76,66,2025,"VietNam","124000",0.868421052631579
"790",96,46,39,2025,"VietNam","124000",0.847826086956522
"791",97,41,37,2025,"VietNam","124000",0.902439024390244
"792",98,28,26,2025,"VietNam","124000",0.928571428571429
"793",0,2006,0,2030,"VietNam","124000",0
"794",1,1931,0,2030,"VietNam","124000",0
"795",2,1979,0,2030,"VietNam","124000",0
"796",3,1869,0,2030,"VietNam","124000",0
"797",4,1970,0,2030,"VietNam","124000",0
"798",5,1993,0,2030,"VietNam","124000",0
"799",6,2043,0,2030,"VietNam","124000",0
"800",7,2070,0,2030,"VietNam","124000",0
"801",8,2089,0,2030,"VietNam","124000",0
"802",9,2178,0,2030,"VietNam","124000",0
"803",10,2152,0,2030,"VietNam","124000",0
"804",11,2055,0,2030,"VietNam","124000",0
"805",12,2247,0,2030,"VietNam","124000",0
"806",13,2171,0,2030,"VietNam","124000",0
"807",14,2177,0,2030,"VietNam","124000",0
"808",15,2136,0,2030,"VietNam","124000",0
"809",16,2031,0,2030,"VietNam","124000",0
"810",17,2146,0,2030,"VietNam","124000",0
"811",18,2130,0,2030,"VietNam","124000",0
"812",19,2043,0,2030,"VietNam","124000",0
"813",20,2040,0,2030,"VietNam","124000",0
"814",21,2049,0,2030,"VietNam","124000",0
"815",22,2089,0,2030,"VietNam","124000",0
"816",23,2101,0,2030,"VietNam","124000",0
"817",24,2032,0,2030,"VietNam","124000",0
"818",25,1970,0,2030,"VietNam","124000",0
"819",26,2009,0,2030,"VietNam","124000",0
"820",27,1914,0,2030,"VietNam","124000",0
"821",28,2007,0,2030,"VietNam","124000",0
"822",29,1873,0,2030,"VietNam","124000",0
"823",30,2279,1,2030,"VietNam","124000",0.000438788942518649
"824",31,2178,1,2030,"VietNam","124000",0.000459136822773186
"825",32,2119,1,2030,"VietNam","124000",0.00047192071731949
"826",33,2106,1,2030,"VietNam","124000",0.000474833808167142
"827",34,2085,11,2030,"VietNam","124000",0.0052757793764988
"828",35,2785,12,2030,"VietNam","124000",0.00430879712746858
"829",36,2643,24,2030,"VietNam","124000",0.00908059023836549
"830",37,2572,25,2030,"VietNam","124000",0.00972006220839813
"831",38,2483,56,2030,"VietNam","124000",0.022553362867499
"832",39,2391,79,2030,"VietNam","124000",0.0330405687996654
"833",40,2636,105,2030,"VietNam","124000",0.0398330804248862
"834",41,2611,157,2030,"VietNam","124000",0.060130218307162
"835",42,2519,176,2030,"VietNam","124000",0.0698689956331878
"836",43,2323,225,2030,"VietNam","124000",0.0968575118381403
"837",44,2317,283,2030,"VietNam","124000",0.122140699179974
"838",45,2466,402,2030,"VietNam","124000",0.16301703163017
"839",46,2469,474,2030,"VietNam","124000",0.191980558930741
"840",47,2394,531,2030,"VietNam","124000",0.221804511278195
"841",48,2287,633,2030,"VietNam","124000",0.276781810231745
"842",49,2235,689,2030,"VietNam","124000",0.3082774049217
"843",50,2557,834,2030,"VietNam","124000",0.326163472819711
"844",51,2438,896,2030,"VietNam","124000",0.367514356029532
"845",52,2273,940,2030,"VietNam","124000",0.413550373955125
"846",53,2291,1026,2030,"VietNam","124000",0.447839371453514
"847",54,2144,1045,2030,"VietNam","124000",0.48740671641791
"848",55,2414,1187,2030,"VietNam","124000",0.491714995857498
"849",56,2231,1197,2030,"VietNam","124000",0.536530703720305
"850",57,2232,1232,2030,"VietNam","124000",0.551971326164875
"851",58,2105,1223,2030,"VietNam","124000",0.580997624703088
"852",59,2103,1282,2030,"VietNam","124000",0.609605325725155
"853",60,2044,1314,2030,"VietNam","124000",0.642857142857143
"854",61,1926,1201,2030,"VietNam","124000",0.623572170301142
"855",62,1901,1256,2030,"VietNam","124000",0.66070489216202
"856",63,1826,1233,2030,"VietNam","124000",0.675246440306681
"857",64,1709,1198,2030,"VietNam","124000",0.700994733762434
"858",65,1672,1178,2030,"VietNam","124000",0.704545454545455
"859",66,1542,1107,2030,"VietNam","124000",0.717898832684825
"860",67,1544,1090,2030,"VietNam","124000",0.705958549222798
"861",68,1426,1043,2030,"VietNam","124000",0.731416549789621
"862",69,1363,1025,2030,"VietNam","124000",0.752017608217168
"863",70,1222,929,2030,"VietNam","124000",0.760229132569558
"864",71,1161,911,2030,"VietNam","124000",0.784668389319552
"865",72,1097,855,2030,"VietNam","124000",0.779398359161349
"866",73,1009,817,2030,"VietNam","124000",0.809712586719524
"867",74,1067,862,2030,"VietNam","124000",0.807872539831303
"868",75,801,671,2030,"VietNam","124000",0.837702871410737
"869",76,731,595,2030,"VietNam","124000",0.813953488372093
"870",77,677,588,2030,"VietNam","124000",0.868537666174298
"871",78,632,528,2030,"VietNam","124000",0.835443037974684
"872",79,600,512,2030,"VietNam","124000",0.853333333333333
"873",80,679,568,2030,"VietNam","124000",0.836524300441826
"874",81,570,469,2030,"VietNam","124000",0.82280701754386
"875",82,517,445,2030,"VietNam","124000",0.86073500967118
"876",83,462,392,2030,"VietNam","124000",0.848484848484849
"877",84,448,382,2030,"VietNam","124000",0.852678571428571
"878",85,414,354,2030,"VietNam","124000",0.855072463768116
"879",86,353,303,2030,"VietNam","124000",0.858356940509915
"880",87,299,266,2030,"VietNam","124000",0.889632107023411
"881",88,278,246,2030,"VietNam","124000",0.884892086330935
"882",89,245,213,2030,"VietNam","124000",0.869387755102041
"883",90,194,176,2030,"VietNam","124000",0.907216494845361
"884",91,178,162,2030,"VietNam","124000",0.910112359550562
"885",92,137,120,2030,"VietNam","124000",0.875912408759124
"886",93,113,103,2030,"VietNam","124000",0.911504424778761
"887",94,101,93,2030,"VietNam","124000",0.920792079207921
"888",95,81,73,2030,"VietNam","124000",0.901234567901235
"889",96,55,51,2030,"VietNam","124000",0.927272727272727
"890",97,41,33,2030,"VietNam","124000",0.804878048780488
"891",98,31,27,2030,"VietNam","124000",0.870967741935484
"892",0,1814,0,2035,"VietNam","124000",0
"893",1,1772,0,2035,"VietNam","124000",0
"894",2,1822,0,2035,"VietNam","124000",0
"895",3,1810,0,2035,"VietNam","124000",0
"896",4,1866,0,2035,"VietNam","124000",0
"897",5,1989,0,2035,"VietNam","124000",0
"898",6,1924,0,2035,"VietNam","124000",0
"899",7,1973,0,2035,"VietNam","124000",0
"900",8,1862,0,2035,"VietNam","124000",0
"901",9,1967,0,2035,"VietNam","124000",0
"902",10,1990,0,2035,"VietNam","124000",0
"903",11,2042,0,2035,"VietNam","124000",0
"904",12,2065,0,2035,"VietNam","124000",0
"905",13,2083,0,2035,"VietNam","124000",0
"906",14,2174,0,2035,"VietNam","124000",0
"907",15,2149,0,2035,"VietNam","124000",0
"908",16,2049,0,2035,"VietNam","124000",0
"909",17,2243,0,2035,"VietNam","124000",0
"910",18,2164,0,2035,"VietNam","124000",0
"911",19,2176,0,2035,"VietNam","124000",0
"912",20,2128,0,2035,"VietNam","124000",0
"913",21,2025,0,2035,"VietNam","124000",0
"914",22,2136,0,2035,"VietNam","124000",0
"915",23,2122,0,2035,"VietNam","124000",0
"916",24,2033,0,2035,"VietNam","124000",0
"917",25,2026,0,2035,"VietNam","124000",0
"918",26,2038,0,2035,"VietNam","124000",0
"919",27,2076,0,2035,"VietNam","124000",0
"920",28,2088,0,2035,"VietNam","124000",0
"921",29,2022,0,2035,"VietNam","124000",0
"922",30,1959,0,2035,"VietNam","124000",0
"923",31,1995,0,2035,"VietNam","124000",0
"924",32,1905,1,2035,"VietNam","124000",0.0005249343832021
"925",33,1996,2,2035,"VietNam","124000",0.00100200400801603
"926",34,1858,6,2035,"VietNam","124000",0.00322927879440258
"927",35,2262,9,2035,"VietNam","124000",0.00397877984084881
"928",36,2162,19,2035,"VietNam","124000",0.0087881591119334
"929",37,2112,30,2035,"VietNam","124000",0.0142045454545455
"930",38,2093,43,2035,"VietNam","124000",0.0205446727185858
"931",39,2067,63,2035,"VietNam","124000",0.0304789550072569
"932",40,2762,126,2035,"VietNam","124000",0.0456191165821868
"933",41,2616,149,2035,"VietNam","124000",0.0569571865443425
"934",42,2546,160,2035,"VietNam","124000",0.0628436763550668
"935",43,2443,234,2035,"VietNam","124000",0.0957838722881703
"936",44,2369,281,2035,"VietNam","124000",0.118615449556775
"937",45,2606,347,2035,"VietNam","124000",0.133154259401381
"938",46,2565,426,2035,"VietNam","124000",0.166081871345029
"939",47,2469,471,2035,"VietNam","124000",0.190765492102066
"940",48,2294,528,2035,"VietNam","124000",0.230165649520488
"941",49,2290,590,2035,"VietNam","124000",0.25764192139738
"942",50,2412,740,2035,"VietNam","124000",0.306799336650083
"943",51,2424,794,2035,"VietNam","124000",0.327557755775578
"944",52,2354,863,2035,"VietNam","124000",0.36661002548853
"945",53,2242,930,2035,"VietNam","124000",0.414808206958073
"946",54,2179,938,2035,"VietNam","124000",0.430472693896283
"947",55,2480,1105,2035,"VietNam","124000",0.445564516129032
"948",56,2358,1116,2035,"VietNam","124000",0.473282442748092
"949",57,2198,1135,2035,"VietNam","124000",0.516378525932666
"950",58,2220,1172,2035,"VietNam","124000",0.527927927927928
"951",59,2067,1199,2035,"VietNam","124000",0.580067731011127
"952",60,2291,1312,2035,"VietNam","124000",0.572675687472719
"953",61,2129,1292,2035,"VietNam","124000",0.606857679661813
"954",62,2120,1276,2035,"VietNam","124000",0.60188679245283
"955",63,2000,1271,2035,"VietNam","124000",0.6355
"956",64,1999,1296,2035,"VietNam","124000",0.64832416208104
"957",65,1940,1298,2035,"VietNam","124000",0.669072164948454
"958",66,1798,1192,2035,"VietNam","124000",0.662958843159066
"959",67,1775,1219,2035,"VietNam","124000",0.686760563380282
"960",68,1706,1191,2035,"VietNam","124000",0.698124267291911
"961",69,1564,1117,2035,"VietNam","124000",0.714194373401535
"962",70,1532,1118,2035,"VietNam","124000",0.72976501305483
"963",71,1378,1009,2035,"VietNam","124000",0.7322206095791
"964",72,1371,984,2035,"VietNam","124000",0.717724288840263
"965",73,1268,934,2035,"VietNam","124000",0.736593059936908
"966",74,1172,890,2035,"VietNam","124000",0.75938566552901
"967",75,1067,823,2035,"VietNam","124000",0.771321462043112
"968",76,997,779,2035,"VietNam","124000",0.781344032096289
"969",77,948,735,2035,"VietNam","124000",0.775316455696203
"970",78,850,690,2035,"VietNam","124000",0.811764705882353
"971",79,866,711,2035,"VietNam","124000",0.821016166281755
"972",80,624,526,2035,"VietNam","124000",0.842948717948718
"973",81,582,481,2035,"VietNam","124000",0.826460481099656
"974",82,532,469,2035,"VietNam","124000",0.881578947368421
"975",83,480,407,2035,"VietNam","124000",0.847916666666667
"976",84,435,364,2035,"VietNam","124000",0.836781609195402
"977",85,488,404,2035,"VietNam","124000",0.827868852459016
"978",86,397,329,2035,"VietNam","124000",0.828715365239295
"979",87,367,315,2035,"VietNam","124000",0.858310626702997
"980",88,291,248,2035,"VietNam","124000",0.852233676975945
"981",89,271,227,2035,"VietNam","124000",0.837638376383764
"982",90,240,212,2035,"VietNam","124000",0.883333333333333
"983",91,193,166,2035,"VietNam","124000",0.860103626943005
"984",92,163,142,2035,"VietNam","124000",0.871165644171779
"985",93,144,125,2035,"VietNam","124000",0.868055555555556
"986",94,123,102,2035,"VietNam","124000",0.829268292682927
"987",95,90,81,2035,"VietNam","124000",0.9
"988",96,71,60,2035,"VietNam","124000",0.845070422535211
"989",97,54,46,2035,"VietNam","124000",0.851851851851852
"990",98,51,48,2035,"VietNam","124000",0.941176470588235
"991",0,1757,0,2040,"VietNam","124000",0
"992",1,1789,0,2040,"VietNam","124000",0
"993",2,1715,0,2040,"VietNam","124000",0
"994",3,1701,0,2040,"VietNam","124000",0
"995",4,1767,0,2040,"VietNam","124000",0
"996",5,1801,0,2040,"VietNam","124000",0
"997",6,1766,0,2040,"VietNam","124000",0
"998",7,1820,0,2040,"VietNam","124000",0
"999",8,1802,0,2040,"VietNam","124000",0
"1000",9,1862,0,2040,"VietNam","124000",0
"1001",10,1989,0,2040,"VietNam","124000",0
"1002",11,1918,0,2040,"VietNam","124000",0
"1003",12,1968,0,2040,"VietNam","124000",0
"1004",13,1857,0,2040,"VietNam","124000",0
"1005",14,1964,0,2040,"VietNam","124000",0
"1006",15,1989,0,2040,"VietNam","124000",0
"1007",16,2036,0,2040,"VietNam","124000",0
"1008",17,2061,0,2040,"VietNam","124000",0
"1009",18,2078,0,2040,"VietNam","124000",0
"1010",19,2168,0,2040,"VietNam","124000",0
"1011",20,2140,0,2040,"VietNam","124000",0
"1012",21,2043,0,2040,"VietNam","124000",0
"1013",22,2232,0,2040,"VietNam","124000",0
"1014",23,2158,0,2040,"VietNam","124000",0
"1015",24,2167,0,2040,"VietNam","124000",0
"1016",25,2116,0,2040,"VietNam","124000",0
"1017",26,2019,0,2040,"VietNam","124000",0
"1018",27,2130,0,2040,"VietNam","124000",0
"1019",28,2111,0,2040,"VietNam","124000",0
"1020",29,2020,0,2040,"VietNam","124000",0
"1021",30,2019,0,2040,"VietNam","124000",0
"1022",31,2029,1,2040,"VietNam","124000",0.000492853622474125
"1023",32,2067,2,2040,"VietNam","124000",0.000967585873246251
"1024",33,2076,4,2040,"VietNam","124000",0.00192678227360308
"1025",34,2001,5,2040,"VietNam","124000",0.00249875062468766
"1026",35,1938,10,2040,"VietNam","124000",0.00515995872033024
"1027",36,1980,18,2040,"VietNam","124000",0.00909090909090909
"1028",37,1886,27,2040,"VietNam","124000",0.0143160127253446
"1029",38,1979,31,2040,"VietNam","124000",0.0156644770085902
"1030",39,1848,48,2040,"VietNam","124000",0.025974025974026
"1031",40,2243,79,2040,"VietNam","124000",0.0352206865804726
"1032",41,2145,94,2040,"VietNam","124000",0.0438228438228438
"1033",42,2082,133,2040,"VietNam","124000",0.06388088376561
"1034",43,2070,165,2040,"VietNam","124000",0.0797101449275362
"1035",44,2045,190,2040,"VietNam","124000",0.0929095354523227
"1036",45,2729,343,2040,"VietNam","124000",0.125687064858923
"1037",46,2590,388,2040,"VietNam","124000",0.14980694980695
"1038",47,2507,470,2040,"VietNam","124000",0.187475069804547
"1039",48,2407,550,2040,"VietNam","124000",0.228500207727462
"1040",49,2332,600,2040,"VietNam","124000",0.257289879931389
"1041",50,2558,705,2040,"VietNam","124000",0.275605942142299
"1042",51,2521,810,2040,"VietNam","124000",0.32130107100357
"1043",52,2417,833,2040,"VietNam","124000",0.344642118328506
"1044",53,2250,837,2040,"VietNam","124000",0.372
"1045",54,2234,919,2040,"VietNam","124000",0.411369740376007
"1046",55,2350,1028,2040,"VietNam","124000",0.437446808510638
"1047",56,2351,1066,2040,"VietNam","124000",0.453424074861761
"1048",57,2282,1122,2040,"VietNam","124000",0.491673970201578
"1049",58,2147,1118,2040,"VietNam","124000",0.520726595249185
"1050",59,2103,1124,2040,"VietNam","124000",0.534474560152164
"1051",60,2390,1258,2040,"VietNam","124000",0.526359832635983
"1052",61,2264,1261,2040,"VietNam","124000",0.556978798586572
"1053",62,2088,1223,2040,"VietNam","124000",0.585727969348659
"1054",63,2112,1251,2040,"VietNam","124000",0.592329545454545
"1055",64,1991,1248,2040,"VietNam","124000",0.626820693119036
"1056",65,2168,1329,2040,"VietNam","124000",0.613007380073801
"1057",66,2012,1298,2040,"VietNam","124000",0.645129224652087
"1058",67,1984,1260,2040,"VietNam","124000",0.63508064516129
"1059",68,1851,1233,2040,"VietNam","124000",0.66612641815235
"1060",69,1828,1232,2040,"VietNam","124000",0.673960612691466
"1061",70,1771,1224,2040,"VietNam","124000",0.691134952004517
"1062",71,1640,1109,2040,"VietNam","124000",0.676219512195122
"1063",72,1621,1132,2040,"VietNam","124000",0.698334361505244
"1064",73,1525,1089,2040,"VietNam","124000",0.714098360655738
"1065",74,1379,1001,2040,"VietNam","124000",0.725888324873096
"1066",75,1343,991,2040,"VietNam","124000",0.737900223380491
"1067",76,1197,888,2040,"VietNam","124000",0.741854636591479
"1068",77,1180,856,2040,"VietNam","124000",0.725423728813559
"1069",78,1062,785,2040,"VietNam","124000",0.739171374764595
"1070",79,956,721,2040,"VietNam","124000",0.75418410041841
"1071",80,878,683,2040,"VietNam","124000",0.777904328018223
"1072",81,786,609,2040,"VietNam","124000",0.774809160305344
"1073",82,741,586,2040,"VietNam","124000",0.790823211875843
"1074",83,618,502,2040,"VietNam","124000",0.812297734627832
"1075",84,651,528,2040,"VietNam","124000",0.811059907834101
"1076",85,457,381,2040,"VietNam","124000",0.833698030634573
"1077",86,414,346,2040,"VietNam","124000",0.835748792270531
"1078",87,351,309,2040,"VietNam","124000",0.88034188034188
"1079",88,306,260,2040,"VietNam","124000",0.849673202614379
"1080",89,273,231,2040,"VietNam","124000",0.846153846153846
"1081",90,297,242,2040,"VietNam","124000",0.814814814814815
"1082",91,234,193,2040,"VietNam","124000",0.824786324786325
"1083",92,191,165,2040,"VietNam","124000",0.863874345549738
"1084",93,150,124,2040,"VietNam","124000",0.826666666666667
"1085",94,145,124,2040,"VietNam","124000",0.855172413793103
"1086",95,108,95,2040,"VietNam","124000",0.87962962962963
"1087",96,85,72,2040,"VietNam","124000",0.847058823529412
"1088",97,71,60,2040,"VietNam","124000",0.845070422535211
"1089",98,57,51,2040,"VietNam","124000",0.894736842105263
